time,avg_preds
1929.512173482448,0.08505803346633911
1929.533007070559,0.08505803346633911
1929.553840658903,0.08505803346633911
1929.5746742473634,0.08505803346633911
1929.5955078360566,0.08505803346633911
1929.616341424866,0.08505803346633911
1929.6580086030688,0.08505803346633911
1929.6788421924605,0.08505803346633911
1929.699675782085,0.08505803346633911
1929.720509371826,0.08505803346633911
1929.7413429617998,0.08505803346633911
1929.7621765517727,0.08505803346633911
1929.7830101420957,0.08505803346633911
1929.8038437324194,0.08505803346633911
1929.8246773229753,0.08505803346633911
1929.845510913764,0.08505803346633911
1929.866344504669,0.08505803346633911
1929.8871780956906,0.08505803346633911
1929.9288452780827,0.08505803346633911
1929.9496788695706,0.08505803346633911
1929.9705124611748,0.08505803346633911
1929.9913460528949,0.08505803346633911
1930.0121796447306,0.08505803346633911
1930.0330132367992,0.08505803346633911
1930.0538468288685,0.08505803346633911
1930.0746804211703,0.08505803346633911
1930.0955140135889,0.08505803346633911
1930.1163476060074,0.08505803346633911
1930.1580147914278,0.08505803346633911
1930.178848384312,0.08505803346633911
1930.1996819773124,0.08505803346633911
1930.2205155704294,0.08505803346633911
1930.2413491635464,0.08505803346633911
1930.2621827568955,0.08505803346633911
1930.283016350361,0.08505803346633911
1930.3038499438273,0.08505803346633911
1930.3246835375264,0.08505803346633911
1930.345517131226,0.08505803346633911
1930.3663507250421,0.08505803346633911
1930.387184318974,0.08505803346633911
1930.4080179130224,0.08505803346633911
1930.4288515070707,0.08505803346633911
1930.4496851012354,0.08505803346633911
1930.4705186956328,0.08505803346633911
1930.491352289914,0.08505803346633911
1930.512185884428,0.08505803346633911
1930.5330194789412,0.08505803346633911
1930.553853073571,0.08505803346633911
1930.5746866683178,0.08505803346633911
1930.595520263181,0.08505803346633911
1930.6163538580447,0.08505803346633911
1930.6371874529086,0.08505803346633911
1930.6580210480047,0.08505803346633911
1930.6788546431007,0.08505803346633911
1930.6996882381968,0.08505803346633911
1930.7205218335257,0.08505803346633911
1930.741355428738,0.08505803346633911
1930.7621890241833,0.08505803346633911
1930.783022619628,0.08505803346633911
1930.8038562150725,0.08505803346633911
1930.8246898106343,0.08505803346633911
1930.8455234063124,0.08505803346633911
1930.8663570019905,0.08505803346633911
1930.8871905976685,0.08505803346633911
1930.908024193463,0.08505803346633911
1930.928857789374,0.08505803346633911
1930.949691385285,0.08505803346633911
1930.970524981196,0.08505803346633911
1930.9913585772233,0.08505803346633911
1931.0121921732505,0.08505803346633911
1931.0330257693936,0.08505803346633911
1931.0538593655367,0.08505803346633911
1931.074692961797,0.08505803346633911
1931.0955265580571,0.08505803346633911
1931.1163601543174,0.08505803346633911
1931.1371937505783,0.08505803346633911
1931.1580273469556,0.08505803346633911
1931.1788609434484,0.08505803346633911
1931.199694539825,0.08505803346633911
1931.220528136318,0.08505803346633911
1931.2413617329275,0.08505803346633911
1931.2621953294206,0.08505803346633911
1931.2830289260298,0.08505803346633911
1931.3038625226386,0.08505803346633911
1931.3246961193638,0.08505803346633911
1931.3455297160897,0.08505803346633911
1931.3663633128156,0.08505803346633911
1931.3871969095414,0.08505803346633911
1931.4080305062673,0.08505803346633911
1931.4288641031094,0.08505803346633911
1931.4496976999517,0.08505803346633911
1931.470531296794,0.08505803346633911
1931.4913648936363,0.08505803346633911
1931.512198490595,0.08505803346633911
1931.5330320875537,0.08505803346633911
1931.5538656843953,0.08505803346633911
1931.5746992814695,0.08505803346633911
1931.5955328784275,0.08505803346633911
1931.6163664753856,0.08505803346633911
1931.6372000724607,0.08505803346633911
1931.6580336694194,1.6242188962678483e-06
1931.6788672664945,4.2881197259703185e-07
1931.6997008635694,3.487984230332586e-07
1931.7205344606446,1.0882174095172559e-07
1931.7413680577197,8.326792766411018e-08
1931.7622016547948,4.057127434009544e-08
1931.7830352519863,9.22466476538375e-08
1931.8038688490608,6.094670013112591e-08
1931.8247024462514,1.613341495954046e-07
1931.8455360433265,2.030797219276792e-07
1931.866369640518,2.938497658533379e-07
1931.8872032377096,5.37142852863326e-07
1931.9080368347848,3.453529586749937e-07
1931.9288704319763,0.08505803346633911
1931.9497040291676,0.08505803346633911
1931.9705376263591,0.08505803346633911
1931.9913712235507,0.08505803346633911
1932.0122048207422,0.08505803346633911
1932.0330384179338,0.08505803346633911
1932.053872015009,0.08505803346633911
1932.0747056121998,0.08505803346633911
1932.0955392093897,0.08505803346633911
1932.1163728065806,0.08505803346633911
1932.137206403772,0.08505803346633911
1932.1580400009636,0.08505803346633911
1932.1788735981552,0.08505803346633911
1932.1997071952303,0.08505803346633911
1932.2205407924216,0.08505803346633911
1932.2413743896132,0.08505803346633911
1932.2622079866883,0.08505803346633911
1932.2830415838798,0.08505803346633911
1932.3038751810714,0.08505803346633911
1932.3247087781458,0.08505803346633911
1932.34554237522,0.08505803346633911
1932.3663759724116,0.08505803346633911
1932.387209569486,0.08505803346633911
1932.4080431665604,0.08505803346633911
1932.4288767636356,0.08505803346633911
1932.4497103607107,0.08505803346633911
1932.4705439576692,0.08505803346633911
1932.4913775547443,0.08505803346633911
1932.512211151703,0.08505803346633911
1932.5330447487781,0.08505803346633911
1932.5538783457368,0.08505803346633911
1932.5747119426949,0.08505803346633911
1932.595545539652,0.08505803346633911
1932.61637913661,0.08505803346633911
1932.6372127335687,0.08505803346633911
1932.658046330411,0.08505803346633911
1932.6788799272533,0.08505803346633911
1932.699713524212,0.08505803346633911
1932.720547121054,0.08505803346633911
1932.7413807178964,0.08505803346633911
1932.7622143146223,0.08505803346633911
1932.7830479114639,0.08505803346633911
1932.803881508189,0.08505803346633911
1932.824715104915,0.08505803346633911
1932.8455487016402,0.08505803346633911
1932.8663822983651,0.08505803346633911
1932.8872158949746,0.08505803346633911
1932.908049491584,0.08505803346633911
1932.9288830881935,0.08505803346633911
1932.949716684802,0.08505803346633911
1932.9705502814109,0.08505803346633911
1932.991383877904,0.08505803346633911
1933.0122174745134,0.08505803346633911
1933.03305107089,0.08505803346633911
1933.053884667383,0.08505803346633911
1933.074718263876,0.08505803346633911
1933.0955518602511,0.08505803346633911
1933.1163854566264,0.08505803346633911
1933.1372190528866,0.08505803346633911
1933.1580526492633,0.08505803346633911
1933.1788862455235,0.08505803346633911
1933.1997198417837,0.08505803346633911
1933.220553438044,0.08505803346633911
1933.2413870341868,0.08505803346633911
1933.26222063033,0.08505803346633911
1933.2830542264737,0.08505803346633911
1933.303887822501,0.08505803346633911
1933.324721418645,0.08505803346633911
1933.3455550146716,0.08505803346633911
1933.366388610581,0.08505803346633911
1933.3872222066077,0.08505803346633911
1933.4080558025187,0.08505803346633911
1933.4288893984296,0.08505803346633911
1933.4497229942242,0.08505803346633911
1933.4705565900178,0.08505803346633911
1933.4913901858117,0.08505803346633911
1933.5122237814899,0.08505803346633911
1933.5330573772844,0.08505803346633911
1933.5538909729626,0.08505803346633911
1933.5747245685243,0.08505803346633911
1933.5955581640853,0.08505803346633911
1933.6163917596455,0.08505803346633911
1933.6372253552065,0.08505803346633911
1933.6580589506518,0.08505803346633911
1933.6788925460971,0.08505803346633911
1933.6997261414251,0.08505803346633911
1933.7205597367533,0.08505803346633911
1933.7413933320822,0.08505803346633911
1933.7622269274111,0.08505803346633911
1933.7830605226236,0.08505803346633911
1933.8038941178354,0.08505803346633911
1933.866394903122,0.08505803346633911
1933.887228498101,0.08505803346633911
1933.90806209308,0.08505803346633911
1933.9497292829221,0.08505803346633911
1934.0122300672774,0.08505803346633911
1934.0538972566546,0.08505803346633911
1934.0747308512848,0.08505803346633911
1934.0955644457981,0.08505803346633911
1934.1163980403107,0.08505803346633911
1934.1580652292216,0.08505803346633911
1934.3664011708645,0.08505803346633911
1934.4080683586105,0.08505803346633911
1934.5122363271037,0.08505803346633911
1934.5539035140353,0.08505803346633911
1934.5747371075008,0.08505803346633911
1934.6164042941998,0.08505803346633911
1934.637237887549,0.08505803346633911
1934.7414058531303,0.08505803346633911
1934.8247402246654,0.08505803346633911
1934.908074595268,0.08505803346633911
1934.9705753726385,0.08505803346633911
1935.0330761495431,0.08505803346633911
1935.0539097417288,0.08505803346633911
1935.0747433339138,0.08505803346633911
1935.1164105179353,0.08505803346633911
1935.1997448855102,0.08505803346633911
1935.2205784772295,0.08505803346633911
1936.1372564539765,0.08505803346633911
1936.1789236318266,0.08505803346633911
1936.1997572207517,0.08505803346633911
1936.2205908095607,0.08505803346633911
1936.2414243982532,0.08505803346633911
1936.2622579869458,0.08505803346633911
1936.283091575522,0.08505803346633911
1936.3039251640985,0.08505803346633911
1936.3247587525582,0.08505803346633911
1936.3455923409015,0.08505803346633911
1936.3664259292448,0.08505803346633911
1936.387259517588,0.08505803346633911
1936.408093105815,0.08505803346633911
1936.4289266939245,0.08505803346633911
1936.449760282035,0.08505803346633911
1936.470593870029,0.08505803346633911
1936.491427458023,0.08505803346633911
1936.5122610459005,0.08505803346633911
1936.533094633778,0.08505803346633911
1936.5539282215393,0.08505803346633911
1936.574761809184,0.08505803346633911
1936.595595396829,0.08505803346633911
1936.616428984357,0.08505803346633911
1936.6372625718861,0.08505803346633911
1936.658096159298,0.08505803346633911
1936.67892974671,0.08505803346633911
1936.699763334005,0.08505803346633911
1936.7205969211834,0.08505803346633911
1936.7414305083623,0.08505803346633911
1936.7622640955415,0.08505803346633911
1936.7830976824878,0.08505803346633911
1936.8039312695505,0.08505803346633911
1936.8247648563804,0.08505803346633911
1936.84559844321,0.08505803346633911
1936.86643203004,0.08505803346633911
1936.8872656167534,0.08505803346633911
1936.9080992033512,0.08505803346633911
1936.9289327899482,0.08505803346633911
1936.949766376428,0.08505803346633911
1936.970599962908,0.08505803346633911
1936.9914335492722,0.08505803346633911
1937.01226713552,0.08505803346633911
1937.0331007217678,0.08505803346633911
1937.0539343078992,0.08505803346633911
1937.0747678940304,0.08505803346633911
1937.0956014800454,0.08505803346633911
1937.1164350660604,0.08505803346633911
1937.137268651959,0.08505803346633911
1937.158102237741,0.08505803346633911
1937.178935823523,0.08505803346633911
1937.199769409188,0.08505803346633911
1937.2206029948532,0.08505803346633911
1937.2414365804025,0.08505803346633911
1937.2622701658354,0.08505803346633911
1937.283103751268,0.08505803346633911
1937.3039373365846,0.08505803346633911
1937.324770921901,0.08505803346633911
1937.3456045071011,0.08505803346633911
1937.3664380921848,0.08505803346633911
1937.3872716772682,0.08505803346633911
1937.408105262352,0.08505803346633911
1937.4289388472027,0.08505803346633911
1937.4497724320536,0.08505803346633911
1937.4706060169037,0.08505803346633911
1937.4914396016372,0.08505803346633911
1937.5122731862552,0.08505803346633911
1937.5331067708732,0.08505803346633911
1937.5539403553748,0.08505803346633911
1937.5747739397593,0.08505803346633911
1937.5956075241445,0.08505803346633911
1937.616441108413,0.08505803346633911
1937.6372746926818,0.08505803346633911
1937.6581082768341,0.08505803346633911
1937.67894186087,0.08505803346633911
1937.699775444906,0.08505803346633911
1937.7206090288248,0.08505803346633911
1937.741442612627,0.08505803346633911
1937.76227619643,0.08505803346633911
1937.7831097802332,0.08505803346633911
1937.8039433638028,0.08505803346633911
1937.824776947373,0.08505803346633911
1937.845610530943,0.08505803346633911
1937.8664441142805,0.08505803346633911
1937.8872776977344,0.08505803346633911
1937.9081112809554,0.08505803346633911
1937.9289448641764,0.08505803346633911
1937.9497784472808,0.08505803346633911
1937.9706120303847,0.08505803346633911
1937.991445613255,0.08505803346633911
1938.0122791962433,0.08505803346633911
1938.0331127789984,0.08505803346633911
1938.0539463617538,0.08505803346633911
1938.0747799445091,0.08505803346633911
1938.0956135270317,0.08505803346633911
1938.1164471095542,0.08505803346633911
1938.137280692076,0.08505803346633911
1938.1581142743655,0.08505803346633911
1938.1789478566552,0.08505803346633911
1938.1997814388285,0.08505803346633911
1938.2206150210018,0.006489887833595276
1938.2414486030577,0.008839473128318787
1938.2622821849975,0.02019067108631134
1938.2831157669373,0.03400316834449768
1938.3039493487613,0.057108163833618164
1938.324782930469,0.10367833077907562
1938.34561651206,0.13877688348293304
1938.366450093651,0.23461076617240906
1938.3872836751252,0.33393245935440063
1938.4081172564836,0.38292862474918365
1938.428950837842,0.47406794130802155
1938.449784419084,0.6244258284568787
1938.4706180002092,0.7096904516220093
1938.491451581217,0.7622450888156891
1938.5122851622255,0.7621440291404724
1938.5331187431182,0.7277944982051849
1938.5539523238945,0.7718048393726349
1938.5747859046708,0.7532143294811249
1938.5956194852133,0.8067663609981537
1938.6164530657568,0.8143449127674103
1938.6372866461838,0.8339581489562988
1938.65812022661,0.888404905796051
1938.6789538068042,0.9198049008846283
1938.6997873869984,0.9448219537734985
1938.7206209670762,0.9463346004486084
1938.741454547037,0.08505803346633911
1938.7622881268805,0.08505803346633911
1938.7831217067253,0.08505803346633911
1938.8039552863374,0.08505803346633911
1938.824788865949,0.08505803346633911
1938.8456224454446,0.08505803346633911
1938.8664560248237,0.08505803346633911
1938.887289604086,0.08505803346633911
1938.9081231832324,0.08505803346633911
1938.928956762379,0.08505803346633911
1938.9497903412926,0.08505803346633911
1938.9706239202062,0.08505803346633911
1938.9914574988863,0.08505803346633911
1939.0122910775663,0.08505803346633911
1939.0331246560136,0.08505803346633911
1939.0539582344609,0.08505803346633911
1939.0747918127925,0.08505803346633911
1939.095625390891,0.08505803346633911
1939.116458968989,0.08505803346633911
1939.1372925469714,0.08505803346633911
1939.1581261247209,0.08505803346633911
1939.1789597024697,0.08505803346633911
1939.1997932799861,0.08505803346633911
1939.2206268573864,0.08505803346633911
1939.241460434786,0.08505803346633911
1939.2622940119527,0.08505803346633911
1939.2831275888864,0.08505803346633911
1939.3039611658203,0.08505803346633911
1939.3247947426385,0.08505803346633911
1939.3456283192238,0.08505803346633911
1939.366461895692,0.08505803346633911
1939.3872954719275,0.08505803346633911
1939.4081290481633,0.08505803346633911
1939.4289626241666,0.08505803346633911
1939.4497961999364,0.08505803346633911
1939.4706297755904,0.08505803346633911
1939.4914633511278,0.08505803346633911
1939.5122969265476,0.08505803346633911
1939.5331305016189,0.08505803346633911
1939.5539640766908,0.08505803346633911
1939.5747976514128,0.08505803346633911
1939.5956312261353,0.08505803346633911
1939.6164648005088,0.08505803346633911
1939.6372983747651,0.08505803346633911
1939.6581319487887,0.08505803346633911
1939.67896552258,0.08505803346633911
1939.6997990962548,0.08505803346633911
1939.7206326695798,0.08505803346633911
1939.741466242789,0.08505803346633911
1939.7622998157656,0.08505803346633911
1939.7831333883914,0.08505803346633911
1939.8039669609009,0.08505803346633911
1939.8248005330622,0.08505803346633911
1939.8456341051074,0.08505803346633911
1939.8664676768026,0.08505803346633911
1939.8873012481486,0.08505803346633911
1939.9081348192624,0.08505803346633911
1939.9289683901432,0.08505803346633911
1939.9498019606742,0.08505803346633911
1939.9706355309731,0.08505803346633911
1939.9914691009228,0.08505803346633911
1940.0123026704061,0.08505803346633911
1940.0331362396557,0.08505803346633911
1940.053969808557,0.08505803346633911
1940.0748033771097,0.08505803346633911
1940.0956369453122,0.08505803346633911
1940.1164705130493,0.08505803346633911
1940.1373040804378,0.08505803346633911
1940.1581376473607,0.08505803346633911
1940.1789712139337,0.08505803346633911
1940.1998047799245,0.08505803346633911
1940.2206383455666,0.08505803346633911
1940.2414719107433,0.08505803346633911
1940.2623054753371,0.08505803346633911
1940.2831390394647,0.08505803346633911
1940.3039726030108,0.08505803346633911
1940.3248061659754,0.08505803346633911
1940.3456397284738,0.08505803346633911
1940.3664732902737,0.08505803346633911
1940.3873068513751,0.08505803346633911
1940.4081404120113,0.08505803346633911
1940.4289739718329,0.08505803346633911
1940.4498075309552,0.08505803346633911
1940.4706410893791,0.08505803346633911
1940.4914746469888,0.08505803346633911
1940.5331417598788,0.08505803346633911
1940.553975314926,0.08505803346633911
1940.5748088691582,0.08505803346633911
1940.5956424224603,0.08505803346633911
1940.6164759748312,0.08505803346633911
1940.6373095260374,0.08505803346633911
1940.6581430763122,0.08505803346633911
1940.6789766253064,0.08505803346633911
1940.6998101732536,0.08505803346633911
1940.7206437200364,0.08505803346633911
1940.7414772654217,0.08505803346633911
1940.7623108095265,0.08505803346633911
1940.7831443523507,0.08505803346633911
1940.8039778936616,0.08505803346633911
1940.8248114334588,0.08505803346633911
1940.8456449717428,0.08505803346633911
1944.345665868996,0.08505803346633911
1944.3664993268364,0.08505803346633911
1944.3873327846773,0.08505803346633911
1944.4081662425176,0.08505803346633911
1944.4289997005908,0.08505803346633911
1944.4498331586644,0.08505803346633911
1944.4706666168547,0.08505803346633911
1944.491500075045,0.08505803346633911
1944.512333533351,0.08505803346633911
1944.5331669917734,0.08505803346633911
1944.5540004501963,0.08505803346633911
1944.5748339087359,0.08505803346633911
1944.5956673673918,0.08505803346633911
1944.6165008260477,0.08505803346633911
1944.6373342848199,0.08505803346633911
1944.6581677435915,0.08505803346633911
1944.679001202479,0.08505803346633911
1944.699834661367,0.08505803346633911
1944.7206681203722,0.08505803346633911
1944.7415015793772,0.08505803346633911
1944.7623350384988,0.08505803346633911
1944.7831684977368,0.08505803346633911
1944.8040019568582,0.08505803346633911
1944.824835416212,0.08505803346633911
1944.8456688754493,0.08505803346633911
1944.8665023348037,0.08505803346633911
1944.8873357942746,0.08505803346633911
1944.9081692537445,0.08505803346633911
1944.9290027132147,0.08505803346633911
1944.9498361728013,0.08505803346633911
1944.9706696323879,0.08505803346633911
1944.991503091975,0.08505803346633911
1945.0123365516786,0.08505803346633911
1945.0331700113823,0.08505803346633911
1945.054003471086,0.08505803346633911
1945.0748369309051,0.08505803346633911
1945.0956703907245,0.08505803346633911
1945.1165038505446,0.08505803346633911
1945.1373373104811,0.08505803346633911
1945.158170770301,0.08505803346633911
1945.1790042303533,0.08505803346633911
1945.1998376902884,0.08505803346633911
1945.2206711502242,0.08505803346633911
1945.2415046102772,0.08505803346633911
1945.2623380703299,0.08505803346633911
1945.2831715303828,0.08505803346633911
1945.3040049905514,0.08505803346633911
1945.3248384506037,0.08505803346633911
1945.3456719107728,0.08505803346633911
1945.3665053709421,0.08505803346633911
1945.3873388311115,0.08505803346633911
1945.4081722913966,0.08505803346633911
1945.4290057515643,0.08505803346633911
1945.449839211733,0.08505803346633911
1945.4706726720187,0.08505803346633911
1945.4915061323045,0.08505803346633911
1945.5123395925896,0.08505803346633911
1945.5331730528744,0.08505803346633911
1945.5540065131602,0.08505803346633911
1945.574839973446,0.08505803346633911
1945.5956734337308,0.08505803346633911
1945.6165068941323,0.08505803346633911
1945.637340354418,0.08505803346633911
1945.6581738148202,0.08505803346633911
1945.6790072751053,0.08505803346633911
1945.6998407353894,0.08505803346633911
1945.720674195791,0.08505803346633911
1945.741507656193,0.08505803346633911
1945.7623411164789,0.08505803346633911
1945.7831745768801,0.08505803346633911
1945.8040080371652,0.08505803346633911
1945.8248414975674,0.08505803346633911
1945.8456749578531,0.08505803346633911
1945.8665084182546,0.08505803346633911
1945.887341878656,0.08505803346633911
1945.9081753389416,0.08505803346633911
1945.9290087992274,0.08505803346633911
1945.9498422596282,0.08505803346633911
1945.9706757199124,0.08505803346633911
1945.9915091801981,0.08505803346633911
1946.0123426406003,0.08505803346633911
1946.0331761008854,0.08505803346633911
1946.0540095611702,0.08505803346633911
1946.074843021456,0.08505803346633911
1946.0956764817417,0.08505803346633911
1946.1165099419102,0.08505803346633911
1946.1373434021953,0.08505803346633911
1946.1581768623646,0.08505803346633911
1946.1790103226504,0.08505803346633911
1946.199843782818,0.08505803346633911
1946.220677242986,0.08505803346633911
1946.2415107031554,0.08505803346633911
1946.2623441633248,0.08505803346633911
1946.2831776234932,0.08505803346633911
1946.3040110836619,0.08505803346633911
1946.3248445437148,0.08505803346633911
1946.345678003767,0.08505803346633911
1946.366511463819,0.08505803346633911
1946.387344923872,0.08505803346633911
1946.408178383925,0.935448557138443
1946.4290118438607,0.9389666318893433
1946.449845303912,0.9888675510883331
1946.470678763848,0.9566205143928528
1946.4915122237837,0.9523008763790131
1946.5123456837196,0.6964240372180939
1946.5331791435397,0.7186940610408783
1946.5540126033595,0.5895997881889343
1946.574846063179,0.6251137852668762
1946.5956795229984,0.6520872712135315
1946.6165129828184,0.7687740325927734
1946.6373464425212,0.8963150084018707
1946.6581799023406,0.9301537871360779
1946.679013361928,0.928139328956604
1946.699846821631,0.8034502863883972
1946.7206802812168,0.6457121968269348
1946.7415137409196,0.4742724746465683
1946.7623472003897,0.5104869902133942
1946.7831806599763,0.41176021099090576
1946.8040141194472,0.44253990054130554
1946.8248475789171,0.33569008111953735
1946.8456810383873,0.38295963406562805
1946.8665144978581,0.35263657569885254
1946.887347957212,0.35649827122688293
1946.9081814165654,0.3976667523384094
1946.9290148758034,0.4277399778366089
1946.9498483351572,0.4983130991458893
1946.9706817943936,0.5360191166400909
1946.9915152535145,0.4353793114423752
1947.0123487127519,0.36704979836940765
1947.0331821718728,0.3812769502401352
1947.0540156308778,0.35325443744659424
1947.0748490899987,0.5160837173461914
1947.0956825490032,0.463482603430748
1947.1165160080084,0.46776215732097626
1947.1373494668962,0.6251632273197174
1947.1581829257843,0.43676920235157013
1947.179016384673,0.478574275970459
1947.1998498434448,0.30215536057949066
1947.2206833022158,0.15581662952899933
1947.2415167609872,0.01756162941455841
1947.2623502196425,0.002302825450897217
1947.3040171368373,0.00013959407806396484
1947.3456840539147,5.266661446512444e-06
1947.3665175124536,7.072808045904821e-07
1947.3873509708758,3.775557217977621e-07
1947.408184429299,6.269856669405272e-07
1947.429017887605,1.1134247870359104e-06
1947.449851345911,2.6281750251655467e-06
1947.4706848041012,2.7130874968861463e-06
1947.49151826229,9.581472681929881e-07
1947.5123517204788,1.6118615917548595e-06
1947.533185178552,6.13186330156168e-06
1947.554018636625,1.4233043202693807e-05
1947.5748520946988,1.541806796012679e-05
1947.5956855526556,3.7694115917474846e-06
1947.6165190106124,1.284157008285547e-06
1947.6373524684525,6.705019472974527e-07
1947.6581859262928,3.7505948569105385e-07
1947.6790193840175,1.581088966418065e-07
1947.6998528417414,1.203703590135774e-07
1947.7206862994651,4.586069621836941e-07
1947.741519757072,4.822628341116797e-08
1947.7623532145624,1.315512321298229e-07
1947.7831866721706,3.4780429132297286e-06
1947.8040201296615,1.1214057849429082e-05
1947.8248535870362,9.530246188660385e-06
1947.8456870444109,5.8671952501754276e-05
1947.8665205016691,3.7719341889896896e-06
1947.8873539589279,7.628429011674598e-05
1947.9081874161861,0.00033673644065856934
1947.929020873328,0.0005636364221572876
1947.9498543304699,0.016875728964805603
1947.9706877874953,0.00913354754447937
1947.9915212445205,0.000734969973564148
1948.0123547014289,0.00024093687534332275
1948.033188158338,3.490635845082579e-05
1948.0540216151305,8.180748807262717e-07
1948.074855071923,5.112905796522682e-07
1948.0956885287155,4.993150355403486e-07
1948.1165219852753,1.5992521184671205e-05
1948.1373554419522,1.9698809410328977e-06
1948.1581888985118,0.00016805529594421387
1948.1790223549551,6.911750824656337e-05
1948.1998558113985,8.567932673031464e-05
1948.2206892678416,3.137381645501591e-05
1948.2415227241686,0.0003468543291091919
1948.2623561804949,0.0003155171871185303
1948.2831896367045,0.008364453911781311
1948.3040230927986,0.027584195137023926
1948.3248565488934,0.23310865461826324
1948.3456900049875,0.14591501653194427
1948.366523460965,0.08986169099807739
1948.3873569169427,0.1466299444437027
1948.408190372804,0.33519938588142395
1948.429023828549,0.7681872546672821
1948.4498572842938,0.6166210472583771
1948.4706907400384,0.9964492619037628
1948.491524195667,0.996974766254425
1948.5123576511783,0.9997101128101349
1948.5331911066894,0.9959259629249573
1948.5540245622014,0.9679632186889648
1948.574858017597,0.8163620829582214
1948.595691472877,0.6493461430072784
1948.616524928156,0.44186462461948395
1948.6373583834352,0.34551262855529785
1948.658191838598,0.3871133476495743
1948.6790252936444,0.3317185491323471
1948.6998587486908,0.4633231908082962
1948.7206922036205,0.48209139704704285
1948.7415256585505,0.8844665288925171
1948.7623591133633,0.7546865046024323
1948.783192568176,0.6385303437709808
1948.8040260228731,0.1831742376089096
1948.8248594775703,0.17884865403175354
1948.845692932151,0.06813240051269531
1948.8665263866153,0.10896581411361694
1948.8873598410794,0.11564424633979797
1948.9081932955437,0.1704878807067871
1948.9290267498916,0.14868001639842987
1948.9498602041228,0.2194368839263916
1948.9706936583543,0.18420998752117157
1948.9915271124694,0.23234622180461884
1949.0123605665844,0.22731724381446838
1949.0331940205822,0.2982068955898285
1949.0540274745802,0.3266308754682541
1949.0748609284624,0.342056468129158
1949.0956943823446,0.5511506199836731
1949.1165278361102,0.6950074732303619
1949.1373612897596,0.9957550466060638
1949.158194743409,0.9998790621757507
1949.1790281969418,1.0
1949.1998616504748,0.9999637007713318
1949.2206951038906,0.9999412298202515
1949.2415285573072,0.9088675677776337
1949.2623620106071,0.7905746400356293
1949.2831954637902,0.2038002461194992
1949.3040289169733,0.05911310017108917
1949.324862370157,0.0002526193857192993
1949.3456958232243,1.630873066460481e-05
1949.366529276175,3.0256865102273878e-06
1949.3873627290095,3.5590572906585294e-06
1949.4081961819604,4.718021273220074e-06
1949.4290296346783,8.709947906027082e-06
1949.4498630873964,0.002560362219810486
1949.4706965401144,0.030605629086494446
1949.491529992599,0.3870234787464142
1949.5123634452004,0.4391714334487915
1949.5331968975686,0.9977628886699677
1949.5540303499367,0.9999879002571106
1949.5748638023053,1.0
1949.5956972545578,1.0
1949.6165307066938,0.9999986886978149
1949.6373641588298,0.9988785088062286
1949.6581976108494,0.9921609461307526
1949.679031062868,0.6431933045387268
1949.6998645147712,0.6283293664455414
1949.7206979666744,0.008471086621284485
1949.7415314183447,0.0007706880569458008
1949.7623648701313,1.1004880434484221e-05
1949.7831983216852,0.00022676587104797363
1949.8040317733548,2.6572939759716974e-06
1949.824865224791,4.788591468241066e-06
1949.8456986762283,4.488598733587423e-06
1949.8665321276658,6.317304723779671e-05
1949.9081990301913,4.460712943910039e-06
1949.9290324812796,3.510587885102723e-05
1949.9498659323679,1.1640989214356523e-05
1949.9706993834554,1.664142018853454e-06
1949.991532834427,1.174324438579788e-06
1950.0123662852825,8.23170097419279e-07
1950.033199736138,1.2059393270646979e-06
1950.0540331868763,0.0009494870901107788
1950.0748666374973,0.0010720044374465942
1950.0957000881199,0.0060627758502960205
1950.1165335387425,0.00761762261390686
1950.1373669892484,0.0008751600980758667
1950.1582004396382,0.0002646446228027344
1950.179033889911,0.00010991974704666063
1950.1998673401843,0.0005628913640975952
1950.2207007904574,0.001055002212524414
1950.2415342406143,0.015133604407310486
1950.2623676906549,0.03398168087005615
1950.2832011405783,0.13449221849441528
1950.3040345905015,0.36489394307136536
1950.324868040425,0.6637488603591919
1950.345701490232,0.8992923498153687
1950.3665349399232,0.955699235200882
1950.3873683896143,0.9939628839492798
1950.4082018391891,0.9927763640880585
1950.4290352886476,0.9839082956314087
1950.4498687381054,0.986316978931427
1950.4707021874472,0.9868254363536835
1950.4915356367892,0.9833501875400543
1950.512369086014,0.9932149350643158
1950.5332025352395,0.9807257652282715
1950.5540359842323,0.7206098735332489
1950.5748694333402,0.45238731801509857
1950.595702882332,0.5161165297031403
1950.6165363312084,0.4161713570356369
1950.6373697799684,0.48579417169094086
1950.6582032287283,0.6426717042922974
1950.679036677371,0.7151017487049103
1950.6998701260145,0.8129680156707764
1950.7207035745416,0.9687570929527283
1950.741537023068,0.9900261461734772
1950.7623704714786,0.9988399147987366
1950.7832039197729,0.9962127804756165
1950.8040373680665,0.9958980679512024
1950.8248708162434,0.9521979093551636
1950.8457042644206,0.9678229093551636
1950.8665377124814,0.9186071157455444
1950.8873711604265,0.7366763055324554
1950.9082046083715,0.7396993935108185
1950.9290380561993,0.9003050923347473
1950.949871504028,0.7487963140010834
1950.9707049517401,0.5969901084899902
1950.991538399335,0.34531624615192413
1951.0123718469308,0.06918075680732727
1951.0332052944102,0.06077301502227783
1951.054038741889,0.1597512811422348
1951.074872189251,0.12755519151687622
1951.0957056364969,0.12679797410964966
1951.1165390837427,0.10806551575660706
1951.137372530872,0.07607986032962799
1951.1582059780021,0.10135461390018463
1951.1790394250158,0.09384295344352722
1951.1998728719125,0.10424889624118805
1951.2207063188096,0.04016633331775665
1951.2415397655905,0.029986441135406494
1951.2623732123707,0.0833798497915268
1951.2832066590352,0.042976632714271545
1951.3040401056994,0.7008737623691559
1951.3248735522468,0.5493860840797424
1951.345706998677,0.4337133914232254
1951.3665404451078,0.045503705739974976
1951.387373891423,0.0004069209098815918
1951.4082073376212,1.94235508388374e-05
1951.42904078382,5.8022562370751984e-05
1951.4498742300186,1.1041918241971871e-05
1951.470707675984,1.8440442545397673e-05
1951.49154112195,1.0416201348562026e-05
1951.512374567916,1.5123054254218005e-05
1951.5332080137648,3.533786866682931e-06
1951.554041459497,2.2994800929154735e-05
1951.5748749052302,1.6467247405671515e-05
1951.5957083508463,2.5467315026617143e-05
1951.6165417964614,1.0472042959008832e-05
1951.637375241961,8.845956926961662e-06
1951.658208687345,4.369552470961935e-06
1951.679042132729,8.098168109427206e-06
1951.6998755779955,8.4975790741737e-06
1951.7207090232623,1.2211008197482442e-05
1951.7415424684134,1.723606874293182e-05
1951.7623759134478,2.9278807232913096e-05
1951.7832093584818,3.73991861124523e-05
1951.8040428034,6.419211422326043e-05
1951.8248762483183,5.501930172613356e-05
1951.8457096931186,7.530483708251268e-05
1951.866543137919,9.329889508080669e-05
1951.8873765826045,0.00012020253416267224
1951.9082100271733,0.00020866096019744873
1951.9290434717416,0.0002706944942474365
1951.9498769161935,0.0004312843084335327
1951.970710360529,0.0004914551973342896
1951.991543804865,0.0003752857446670532
1952.0123772490847,0.0005193501710891724
1952.0332106933038,0.0008867084980010986
1952.0540441374062,0.0011701732873916626
1952.0748775815096,0.0023760050535202026
1952.0957110254965,0.00573904812335968
1952.1165444693654,0.008278697729110718
1952.1373779132346,0.016799524426460266
1952.1582113569887,0.023870617151260376
1952.1790448006263,0.04352189600467682
1952.1998782442631,0.06214796006679535
1952.2207116877837,0.11925080418586731
1952.2415451313043,0.15945285558700562
1952.2623785747091,0.31877851486206055
1952.283212018114,0.4772002846002579
1952.3040454614015,0.6453748643398285
1952.3248789045729,0.8642509877681732
1952.345712347745,0.8928289413452148
1952.3665457907996,0.947282075881958
1952.3873792337374,0.9343949556350708
1952.408212676676,0.9326654076576233
1952.429046119498,0.9093173444271088
1952.4498795623206,0.9265269339084625
1952.470713005027,0.9235168397426605
1952.491546447616,0.9020987749099731
1952.5123798902052,0.9220153093338013
1952.533213332678,0.9176221489906311
1952.5540467751516,0.9072085022926331
1952.5748802173923,0.8823441565036774
1952.5957136597485,0.870209127664566
1952.6165471018714,0.8373652100563049
1952.6373805439941,0.8438088595867157
1952.6582139861177,0.8446011245250702
1952.6790474280092,0.8539813160896301
1952.6998808699007,0.8696054816246033
1952.7207143117914,0.874055415391922
1952.7415477534491,0.8704354763031006
1952.762381195107,0.8679015934467316
1952.7832146367657,0.8260624408721924
1952.8040480783077,0.08505803346633911
1952.8248815197328,0.08505803346633911
1952.8457149610415,0.08505803346633911
1952.8665484023502,0.08505803346633911
1952.8873818435416,0.08505803346633911
1952.9082152846174,0.08505803346633911
1952.929048725694,0.08505803346633911
1952.9498821666532,0.08505803346633911
1952.9707156074962,0.08505803346633911
1952.9915490483393,0.08505803346633911
1953.0123824890659,0.08505803346633911
1953.0332159296759,0.08505803346633911
1953.0540493701703,0.08505803346633911
1953.0748828106648,0.08505803346633911
1953.095716251042,0.08505803346633911
1953.116549691303,0.08505803346633911
1953.1373831314468,0.08505803346633911
1953.1582165715906,0.08505803346633911
1953.1790500116185,0.08505803346633911
1953.199883451531,0.08505803346633911
1953.220716891327,0.08505803346633911
1953.241550331122,0.08505803346633911
1953.2623837706844,0.08505803346633911
1953.283217210247,0.08505803346633911
1953.304050649693,0.08505803346633911
1953.3248840890224,0.08505803346633911
1953.3457175283527,0.08505803346633911
1953.3665509674502,0.08505803346633911
1953.3873844064299,0.08505803346633911
1953.4082178454094,0.08505803346633911
1953.4290512842733,0.08505803346633911
1953.4498847229045,0.08505803346633911
1953.4707181615354,0.08505803346633911
1953.4915516000501,0.08505803346633911
1953.5123850384484,0.08505803346633911
1953.5332184766146,0.08505803346633911
1953.5540519147805,0.08505803346633911
1953.5748853528296,0.08505803346633911
1953.5957187906458,0.08505803346633911
1953.616552228462,0.08505803346633911
1953.6373856660452,0.08505803346633911
1953.6582191035116,0.08505803346633911
1953.6790525408612,0.08505803346633911
1953.6998859780954,0.08505803346633911
1953.7207194150967,0.08505803346633911
1953.741552851982,0.08505803346633911
1953.7623862887513,0.08505803346633911
1953.7832197254033,0.08505803346633911
1953.8040531618226,0.08505803346633911
1953.8248865981252,0.08505803346633911
1953.8457200341952,0.08505803346633911
1953.8665534701488,0.08505803346633911
1953.8873869058696,0.08505803346633911
1953.908220341473,0.08505803346633911
1953.9290537768438,0.08505803346633911
1953.9498872119825,0.08505803346633911
1953.9707206470046,0.08505803346633911
1953.9915540816783,0.08505803346633911
1954.0123875162355,0.08505803346633911
1954.0332209505593,0.08505803346633911
1954.05405438465,0.08505803346633911
1954.0748878185082,0.08505803346633911
1954.0957212521334,0.08505803346633911
1954.1165546855257,0.08505803346633911
1954.1373881185689,0.08505803346633911
1954.1582215513786,0.08505803346633911
1954.179054983839,0.08505803346633911
1954.199888416067,0.08505803346633911
1954.2207218479462,0.08505803346633911
1954.2415552795924,0.08505803346633911
1954.2623887107727,0.08505803346633911
1954.2832221417204,0.08505803346633911
1954.304055572319,0.08505803346633911
1954.3248890024518,0.08505803346633911
1954.3457224322358,0.08505803346633911
1954.3665558615544,0.08505803346633911
1954.387389290523,0.08505803346633911
1954.4082227190258,0.08505803346633911
1954.429056146946,0.08505803346633911
1954.449889574517,0.08505803346633911
1954.4707230015067,0.08505803346633911
1954.4915564280304,0.08505803346633911
1954.5123898539723,0.08505803346633911
1954.533223279332,0.08505803346633911
1954.5540567041096,0.08505803346633911
1954.5748901281888,0.08505803346633911
1954.5957235515696,0.08505803346633911
1954.6165569743682,0.08505803346633911
1954.6373903963517,0.08505803346633911
1954.6582238175206,0.08505803346633911
1954.6790572379903,0.08505803346633911
1954.6998906575284,0.08505803346633911
1954.7207240762525,0.08505803346633911
1954.741557493929,0.08505803346633911
1954.762390910674,0.08505803346633911
1954.783224326371,0.08505803346633911
1954.8040577410206,0.08505803346633911
1954.8248911543894,0.08505803346633911
1954.8457245667107,0.08505803346633911
1954.866557977635,0.08505803346633911
